Player,Opponent,Venue,Runs,Balls_Faced,Strike_Rate,Previous_Avg,Form_Index,Predicted_Runs
Shreyas Iyer,South Africa,Jaipur,40.0,20,200.0,34.7,3,49.8
Sanju Samson,West Indies,Ahmedabad,39.8,51,78.0,30.9,1,27.9
KL Rahul,Sri Lanka,Ahmedabad,70.3,61,115.2,52.2,3,66.1
Shubman Gill,England,Ahmedabad,37.4,22,170.0,44.2,2,40.7
Shreyas Iyer,South Africa,Mumbai,56.0,21,266.7,52.2,3,55.0
Shreyas Iyer,South Africa,Bangalore,33.1,63,52.5,36.9,4,44.8
Shubman Gill,West Indies,Ahmedabad,53.3,31,171.9,54.0,1,54.9
Rohit Sharma,West Indies,Jaipur,42.4,24,176.7,43.0,5,55.0
KL Rahul,Sri Lanka,Hyderabad,50.8,38,133.7,38.1,4,45.8
Hardik Pandya,New Zealand,Mumbai,40.9,53,77.2,39.0,1,37.8
Rishabh Pant,England,Kolkata,47.7,70,68.1,47.5,5,51.4
Suryakumar Yadav,England,Delhi,46.9,45,104.2,33.7,4,36.5
Shubman Gill,Australia,Jaipur,39.1,29,134.8,33.0,1,37.6
Sanju Samson,New Zealand,Ahmedabad,44.6,53,84.2,36.2,2,50.0
Rohit Sharma,Sri Lanka,Jaipur,47.2,68,69.4,30.9,1,36.7
Suryakumar Yadav,Sri Lanka,Kolkata,66.5,56,118.8,51.9,2,61.3
Sanju Samson,South Africa,Bangalore,59.0,29,203.4,45.3,3,48.1
Shreyas Iyer,South Africa,Kolkata,48.2,64,75.3,40.9,1,42.6
Suryakumar Yadav,Sri Lanka,Chennai,52.2,59,88.5,50.9,2,56.0
Suryakumar Yadav,England,Bangalore,60.7,31,195.8,45.5,2,49.1
Sanju Samson,Pakistan,Hyderabad,39.5,70,56.4,35.3,5,35.9
Shreyas Iyer,South Africa,Hyderabad,43.6,46,94.8,39.9,3,51.0
KL Rahul,West Indies,Chennai,49.5,22,225.0,43.4,5,45.4
Virat Kohli,New Zealand,Delhi,48.2,35,137.7,52.0,4,58.3
Suryakumar Yadav,South Africa,Chennai,41.1,58,70.9,45.9,1,46.4
Rishabh Pant,South Africa,Delhi,50.0,39,128.2,30.8,4,41.2
Virat Kohli,South Africa,Kolkata,44.2,36,122.8,46.0,4,57.2
Virat Kohli,England,Kolkata,61.9,24,257.9,53.1,2,63.5
KL Rahul,New Zealand,Delhi,71.4,62,115.2,42.8,2,56.6
Hardik Pandya,Sri Lanka,Chennai,57.9,49,118.2,47.2,1,47.3
KL Rahul,Australia,Kolkata,39.2,51,76.9,42.1,4,48.3
Rohit Sharma,South Africa,Hyderabad,37.1,28,132.5,27.7,4,31.7
Shreyas Iyer,Bangladesh,Ahmedabad,52.9,64,82.7,38.6,4,42.4
Suryakumar Yadav,Pakistan,Bangalore,46.9,62,75.6,34.4,1,33.2
Virat Kohli,Sri Lanka,Chennai,47.3,38,124.5,48.6,3,52.4
Sanju Samson,England,Jaipur,38.4,23,167.0,38.8,2,46.3
Sanju Samson,Australia,Delhi,46.3,43,107.7,45.3,4,53.9
Shubman Gill,Sri Lanka,Jaipur,36.5,34,107.4,34.6,2,29.7
Rishabh Pant,South Africa,Jaipur,49.8,34,146.5,28.7,1,37.8
Rohit Sharma,South Africa,Delhi,54.5,29,187.9,47.3,4,60.7
Sanju Samson,West Indies,Ahmedabad,36.4,54,67.4,30.4,3,31.6
Ishan Kishan,England,Chennai,30.9,69,44.8,33.3,1,41.2
Suryakumar Yadav,New Zealand,Mumbai,58.8,33,178.2,41.5,3,56.3
KL Rahul,England,Ahmedabad,54.2,58,93.4,53.3,3,50.7
Suryakumar Yadav,Bangladesh,Mumbai,32.3,66,48.9,26.6,1,35.1
Shubman Gill,South Africa,Delhi,56.9,34,167.4,48.4,2,47.6
Shubman Gill,Bangladesh,Hyderabad,44.7,32,139.7,34.2,5,45.7
Shubman Gill,South Africa,Chennai,71.5,37,193.2,49.9,4,57.8
KL Rahul,New Zealand,Chennai,51.1,57,89.6,53.8,4,59.1
Rishabh Pant,New Zealand,Bangalore,45.7,22,207.7,36.1,5,44.8
Shubman Gill,Pakistan,Ahmedabad,39.1,70,55.9,36.7,1,34.9
Suryakumar Yadav,New Zealand,Chennai,34.6,54,64.1,38.0,1,39.6
Sanju Samson,Pakistan,Kolkata,38.3,25,153.2,50.9,2,50.7
Ishan Kishan,England,Bangalore,62.0,63,98.4,46.3,2,47.3
Sanju Samson,Bangladesh,Jaipur,61.6,47,131.1,50.4,2,61.5
Shubman Gill,England,Mumbai,56.8,31,183.2,45.6,1,43.7
Shreyas Iyer,Bangladesh,Ahmedabad,26.8,36,74.4,26.1,2,34.0
Sanju Samson,Australia,Delhi,24.0,27,88.9,32.7,2,27.3
Suryakumar Yadav,South Africa,Kolkata,47.7,64,74.5,48.9,2,51.4
Sanju Samson,South Africa,Jaipur,34.6,45,76.9,30.2,3,34.0
Hardik Pandya,Sri Lanka,Hyderabad,39.5,38,103.9,48.7,5,54.1
Hardik Pandya,New Zealand,Chennai,18.0,70,25.7,27.9,1,23.8
Ishan Kishan,West Indies,Mumbai,66.2,50,132.4,52.8,4,53.8
Suryakumar Yadav,Pakistan,Bangalore,27.5,44,62.5,32.0,3,39.6
Rishabh Pant,Pakistan,Bangalore,33.1,41,80.7,35.0,3,34.2
Ishan Kishan,West Indies,Hyderabad,70.8,35,202.3,52.3,5,62.6
Sanju Samson,West Indies,Ahmedabad,65.7,61,107.7,41.0,5,57.9
Shubman Gill,Australia,Kolkata,41.4,27,153.3,40.1,2,47.4
Rohit Sharma,England,Jaipur,54.5,59,92.4,26.7,5,46.0
Virat Kohli,West Indies,Jaipur,76.6,61,125.6,51.1,1,62.2
Rishabh Pant,Bangladesh,Jaipur,40.6,69,58.8,44.9,3,44.3
Virat Kohli,Australia,Chennai,24.7,29,85.2,40.1,3,36.6
Ishan Kishan,South Africa,Mumbai,62.4,61,102.3,29.7,5,49.1
Sanju Samson,Bangladesh,Mumbai,31.0,43,72.1,30.3,1,24.7
Shreyas Iyer,Pakistan,Mumbai,41.8,41,102.0,39.4,5,54.1
Ishan Kishan,Australia,Mumbai,47.1,28,168.2,32.9,2,38.7
Rohit Sharma,Sri Lanka,Bangalore,36.5,58,62.9,33.2,2,40.7
Rishabh Pant,Sri Lanka,Chennai,32.0,20,160.0,32.9,5,43.4
Virat Kohli,South Africa,Jaipur,26.9,69,39.0,41.2,1,36.9
KL Rahul,New Zealand,Mumbai,29.7,68,43.7,29.0,3,33.2
KL Rahul,South Africa,Hyderabad,27.7,30,92.3,25.0,1,31.7
Virat Kohli,Sri Lanka,Mumbai,56.2,61,92.1,43.3,4,59.7
Shubman Gill,South Africa,Jaipur,33.7,36,93.6,39.0,3,38.7
Rohit Sharma,New Zealand,Bangalore,42.0,48,87.5,52.8,3,48.9
Sanju Samson,New Zealand,Bangalore,63.6,20,318.0,51.4,3,50.2
Rohit Sharma,West Indies,Kolkata,27.8,27,103.0,29.4,1,22.2
Hardik Pandya,South Africa,Mumbai,35.6,32,111.2,31.6,4,35.5
Rohit Sharma,South Africa,Jaipur,46.6,69,67.5,54.9,1,54.2
Rishabh Pant,Australia,Delhi,21.0,69,30.4,30.2,5,35.6
Hardik Pandya,West Indies,Kolkata,47.4,35,135.4,26.2,5,44.1
Sanju Samson,England,Hyderabad,53.8,27,199.3,52.9,3,65.3
Sanju Samson,Bangladesh,Kolkata,28.0,67,41.8,35.5,1,42.6
Ishan Kishan,England,Ahmedabad,49.5,23,215.2,52.0,3,59.8
Hardik Pandya,Sri Lanka,Kolkata,50.6,29,174.5,47.6,4,54.4
Rishabh Pant,New Zealand,Mumbai,73.6,57,129.1,46.4,5,60.3
Shreyas Iyer,Australia,Bangalore,37.1,50,74.2,33.6,5,36.8
Suryakumar Yadav,Bangladesh,Chennai,36.0,21,171.4,37.0,1,36.1
Rohit Sharma,West Indies,Hyderabad,69.6,23,302.6,52.1,4,63.0
Ishan Kishan,Sri Lanka,Kolkata,45.2,57,79.3,33.3,5,45.4
Hardik Pandya,New Zealand,Ahmedabad,56.6,39,145.1,42.8,5,45.9
Rishabh Pant,Sri Lanka,Hyderabad,45.3,32,141.6,48.0,2,44.8
Shreyas Iyer,England,Jaipur,64.2,34,188.8,41.5,4,53.3
Shreyas Iyer,Australia,Mumbai,51.6,55,93.8,49.5,4,53.9
Ishan Kishan,Australia,Hyderabad,13.4,45,29.8,28.1,3,25.0
KL Rahul,Australia,Delhi,48.6,57,85.3,32.6,4,45.0
Shubman Gill,Pakistan,Kolkata,64.7,53,122.1,49.7,5,66.6
Suryakumar Yadav,England,Delhi,38.1,25,152.4,46.4,3,46.6
Rohit Sharma,South Africa,Chennai,59.8,52,115.0,41.6,1,50.2
Sanju Samson,West Indies,Kolkata,66.0,63,104.8,50.3,3,62.7
Shubman Gill,Australia,Jaipur,38.1,37,103.0,29.6,3,41.3
Virat Kohli,South Africa,Hyderabad,61.1,25,244.4,42.4,5,57.1
Shubman Gill,Sri Lanka,Ahmedabad,67.0,70,95.7,54.4,5,61.7
Rohit Sharma,New Zealand,Ahmedabad,61.8,39,158.5,51.9,4,69.3
Ishan Kishan,Bangladesh,Mumbai,49.4,70,70.6,37.1,1,47.6
Virat Kohli,Sri Lanka,Bangalore,35.7,67,53.3,37.2,3,34.3
Shubman Gill,England,Kolkata,16.9,65,26.0,26.5,2,23.2
Shreyas Iyer,Australia,Mumbai,62.6,66,94.8,47.6,5,60.8
Suryakumar Yadav,West Indies,Delhi,35.1,54,65.0,30.8,1,39.1
Virat Kohli,West Indies,Kolkata,68.3,41,166.6,41.6,2,54.0
Virat Kohli,West Indies,Ahmedabad,55.6,64,86.9,37.7,3,52.3
Suryakumar Yadav,West Indies,Kolkata,46.2,36,128.3,49.1,1,53.5
Shubman Gill,New Zealand,Chennai,58.8,37,158.9,53.8,3,64.4
Ishan Kishan,South Africa,Bangalore,37.6,67,56.1,43.0,3,45.1
Rohit Sharma,West Indies,Mumbai,39.2,70,56.0,50.3,5,51.9
Hardik Pandya,Bangladesh,Hyderabad,43.3,32,135.3,47.4,5,47.8
Virat Kohli,Sri Lanka,Bangalore,52.5,32,164.1,35.4,4,46.3
Virat Kohli,West Indies,Kolkata,56.7,42,135.0,41.0,3,47.0
Rishabh Pant,Pakistan,Bangalore,74.9,53,141.3,53.0,5,73.0
Suryakumar Yadav,Australia,Delhi,59.7,35,170.6,45.2,1,55.5
Virat Kohli,Pakistan,Hyderabad,53.3,44,121.1,33.4,4,46.9
Rohit Sharma,West Indies,Chennai,56.5,55,102.7,41.7,1,52.2
Rishabh Pant,Pakistan,Mumbai,43.1,53,81.3,32.2,5,35.5
Rohit Sharma,England,Chennai,55.3,37,149.5,49.9,1,51.9
Rishabh Pant,Pakistan,Delhi,26.3,33,79.7,38.8,1,33.7
Suryakumar Yadav,Pakistan,Kolkata,44.6,27,165.2,32.9,4,36.4
Sanju Samson,Australia,Kolkata,56.5,46,122.8,37.7,5,42.1
Suryakumar Yadav,West Indies,Chennai,49.1,42,116.9,37.5,1,36.5
Suryakumar Yadav,South Africa,Chennai,47.4,42,112.9,43.1,5,45.4
Rishabh Pant,Pakistan,Mumbai,43.3,41,105.6,49.8,3,49.7
KL Rahul,New Zealand,Chennai,52.0,26,200.0,49.7,5,64.0
Suryakumar Yadav,Pakistan,Bangalore,50.9,25,203.6,46.6,5,60.7
Ishan Kishan,Australia,Mumbai,73.9,66,112.0,50.2,5,64.7
Shreyas Iyer,England,Hyderabad,58.2,70,83.1,43.6,5,61.0
Suryakumar Yadav,England,Jaipur,68.4,30,228.0,52.4,4,54.4
Shubman Gill,New Zealand,Jaipur,26.4,46,57.4,28.2,4,34.5
Hardik Pandya,New Zealand,Mumbai,40.7,67,60.7,47.0,5,51.4
Hardik Pandya,Australia,Hyderabad,59.3,40,148.2,37.3,2,48.2
KL Rahul,New Zealand,Delhi,60.7,34,178.5,42.1,2,50.0
Virat Kohli,South Africa,Kolkata,39.2,45,87.1,25.2,5,37.9
Hardik Pandya,England,Chennai,24.9,34,73.2,35.1,2,29.5
Rohit Sharma,England,Mumbai,49.9,61,81.8,26.7,4,43.8
Shubman Gill,Bangladesh,Mumbai,43.1,68,63.4,31.3,1,30.5
Rohit Sharma,Bangladesh,Ahmedabad,49.0,38,128.9,52.9,5,59.7
Sanju Samson,West Indies,Hyderabad,36.0,56,64.3,27.1,1,34.9
Sanju Samson,South Africa,Mumbai,16.8,36,46.7,28.2,1,28.8
Shreyas Iyer,Sri Lanka,Jaipur,39.6,25,158.4,32.1,1,35.3
Virat Kohli,West Indies,Ahmedabad,33.6,59,56.9,45.5,1,40.2
Suryakumar Yadav,Pakistan,Chennai,47.3,48,98.5,30.9,2,44.2
Rohit Sharma,Australia,Bangalore,54.0,31,174.2,33.1,3,46.8
Hardik Pandya,New Zealand,Delhi,50.8,58,87.6,34.5,4,45.0
Hardik Pandya,Sri Lanka,Delhi,49.8,40,124.5,34.1,1,45.3
Shubman Gill,England,Ahmedabad,43.0,21,204.8,28.8,2,30.6
Shreyas Iyer,Bangladesh,Hyderabad,32.5,31,104.8,25.2,5,29.8
Ishan Kishan,Pakistan,Ahmedabad,56.7,40,141.8,37.5,4,43.9
Hardik Pandya,New Zealand,Hyderabad,48.5,24,202.1,38.0,5,48.6
KL Rahul,Pakistan,Hyderabad,13.6,34,40.0,28.4,3,25.9
Rishabh Pant,West Indies,Delhi,36.2,35,103.4,27.5,2,23.9
Shubman Gill,West Indies,Chennai,58.4,34,171.8,54.3,3,65.6
Ishan Kishan,South Africa,Bangalore,54.3,65,83.5,49.1,3,51.5
Shubman Gill,Bangladesh,Jaipur,49.6,31,160.0,50.6,2,48.9
KL Rahul,Pakistan,Delhi,72.1,34,212.1,48.9,3,58.8
KL Rahul,Bangladesh,Jaipur,36.0,59,61.0,31.4,3,40.5
KL Rahul,New Zealand,Delhi,58.0,57,101.8,48.9,5,56.6
Shubman Gill,England,Kolkata,43.1,39,110.5,31.5,2,37.8
Shubman Gill,New Zealand,Ahmedabad,70.1,53,132.3,44.2,5,59.2
KL Rahul,West Indies,Jaipur,47.5,32,148.4,50.6,2,50.5
Hardik Pandya,Sri Lanka,Delhi,12.4,56,22.1,25.3,1,25.9
Shreyas Iyer,England,Delhi,70.9,69,102.8,46.6,2,60.4
KL Rahul,West Indies,Jaipur,18.6,59,31.5,32.3,2,27.0
Suryakumar Yadav,Australia,Ahmedabad,59.7,30,199.0,47.9,3,60.9
Hardik Pandya,New Zealand,Delhi,71.6,58,123.4,53.2,1,64.6
Virat Kohli,South Africa,Bangalore,60.1,33,182.1,42.4,4,52.0
Virat Kohli,Australia,Mumbai,63.3,54,117.2,53.4,5,64.8
Virat Kohli,South Africa,Jaipur,46.4,53,87.5,25.5,2,31.7
Ishan Kishan,Pakistan,Bangalore,60.7,29,209.3,32.3,5,50.1
Suryakumar Yadav,West Indies,Delhi,60.0,35,171.4,50.6,5,55.8
Shreyas Iyer,Pakistan,Bangalore,61.5,48,128.1,44.9,4,58.0
Ishan Kishan,Sri Lanka,Bangalore,35.4,60,59.0,35.6,1,47.3
Suryakumar Yadav,Pakistan,Chennai,42.2,43,98.1,33.2,2,42.2
KL Rahul,New Zealand,Hyderabad,63.8,58,110.0,44.8,4,58.1
Hardik Pandya,England,Mumbai,38.7,68,56.9,39.8,3,44.4
KL Rahul,England,Ahmedabad,48.0,20,240.0,31.8,4,49.6
Rishabh Pant,Bangladesh,Mumbai,32.6,54,60.4,26.0,2,28.6
Shubman Gill,Bangladesh,Ahmedabad,56.0,61,91.8,42.2,5,61.6
Shubman Gill,New Zealand,Ahmedabad,45.3,49,92.4,44.8,1,56.2
Shubman Gill,Pakistan,Hyderabad,30.7,66,46.5,44.7,3,42.5
Shubman Gill,England,Chennai,39.1,55,71.1,45.4,4,43.4
Rishabh Pant,West Indies,Delhi,44.1,22,200.5,46.5,5,47.0
Rishabh Pant,Bangladesh,Chennai,55.7,59,94.4,41.1,3,54.6
Rishabh Pant,West Indies,Ahmedabad,41.2,63,65.4,40.8,4,51.2
Hardik Pandya,West Indies,Kolkata,55.2,68,81.2,42.7,4,46.0
Shubman Gill,Pakistan,Chennai,64.9,38,170.8,53.0,3,58.6
Rishabh Pant,Bangladesh,Bangalore,51.2,39,131.3,37.3,5,43.1
KL Rahul,Australia,Bangalore,39.5,57,69.3,28.9,1,30.4
Virat Kohli,England,Mumbai,31.4,37,84.9,35.2,2,32.5
Suryakumar Yadav,South Africa,Delhi,32.2,40,80.5,37.6,2,33.1
Suryakumar Yadav,New Zealand,Delhi,32.2,41,78.5,38.3,1,43.8
Hardik Pandya,England,Jaipur,25.7,38,67.6,25.2,5,31.4
Ishan Kishan,Pakistan,Chennai,49.0,37,132.4,46.9,4,63.0
Hardik Pandya,South Africa,Hyderabad,21.3,23,92.6,28.1,4,30.1
Sanju Samson,New Zealand,Kolkata,36.2,57,63.5,28.5,3,34.5
Rohit Sharma,Bangladesh,Hyderabad,45.5,42,108.3,37.2,5,44.5
Shreyas Iyer,Australia,Hyderabad,74.5,68,109.6,54.5,3,62.9
Rohit Sharma,Bangladesh,Chennai,59.3,54,109.8,52.0,2,61.8
Shubman Gill,West Indies,Chennai,51.3,51,100.6,35.8,2,39.8
Hardik Pandya,Australia,Chennai,67.8,38,178.4,46.7,5,57.9
Sanju Samson,Australia,Ahmedabad,40.5,62,65.3,51.9,1,46.8
Rishabh Pant,England,Hyderabad,76.6,51,150.2,49.5,3,61.9
Rishabh Pant,New Zealand,Hyderabad,41.9,48,87.3,33.9,5,43.6
Suryakumar Yadav,Bangladesh,Kolkata,49.5,43,115.1,44.4,2,46.8
Hardik Pandya,Bangladesh,Mumbai,36.9,54,68.3,41.4,3,44.9
Suryakumar Yadav,New Zealand,Bangalore,10.9,25,43.6,26.8,3,24.6
Virat Kohli,Sri Lanka,Bangalore,58.3,47,124.0,51.8,4,59.3
Rishabh Pant,West Indies,Delhi,22.9,36,63.6,26.1,3,32.8
Hardik Pandya,New Zealand,Jaipur,54.6,59,92.5,48.1,3,62.5
KL Rahul,England,Chennai,52.4,31,169.0,35.3,5,39.4
Suryakumar Yadav,New Zealand,Hyderabad,78.7,56,140.5,51.6,4,68.6
Virat Kohli,Australia,Bangalore,56.6,22,257.3,31.4,4,42.2
Rishabh Pant,Australia,Jaipur,67.9,25,271.6,44.2,1,54.8
Hardik Pandya,Australia,Delhi,35.2,22,160.0,46.2,5,49.3
Ishan Kishan,Bangladesh,Mumbai,62.7,45,139.3,36.2,4,52.8
Hardik Pandya,Pakistan,Delhi,45.0,49,91.8,37.2,2,48.6
Virat Kohli,West Indies,Ahmedabad,60.9,68,89.6,40.2,4,48.1
Suryakumar Yadav,Bangladesh,Kolkata,45.5,52,87.5,33.4,3,46.2
Rishabh Pant,New Zealand,Delhi,39.2,60,65.3,47.3,1,50.5
Sanju Samson,Sri Lanka,Mumbai,42.7,59,72.4,47.0,5,47.3
Virat Kohli,England,Kolkata,47.0,65,72.3,40.6,5,60.5
Hardik Pandya,Bangladesh,Chennai,33.7,61,55.2,28.9,4,46.8
Shubman Gill,Sri Lanka,Bangalore,66.2,39,169.7,45.2,5,52.6
Virat Kohli,Bangladesh,Hyderabad,27.5,35,78.6,36.7,3,39.0
Suryakumar Yadav,Sri Lanka,Bangalore,58.5,30,195.0,49.3,4,50.6
Shreyas Iyer,Australia,Jaipur,26.8,37,72.4,35.2,2,40.6
Rishabh Pant,Australia,Bangalore,59.3,44,134.8,39.9,3,52.3
Rishabh Pant,Pakistan,Chennai,28.3,41,69.0,31.7,1,35.8
Hardik Pandya,South Africa,Hyderabad,70.1,53,132.3,52.3,5,63.3
Ishan Kishan,England,Jaipur,50.3,34,147.9,45.1,2,42.8
Shubman Gill,West Indies,Ahmedabad,47.8,65,73.5,37.6,5,43.0
Hardik Pandya,Australia,Chennai,38.5,24,160.4,37.8,5,38.4
Hardik Pandya,West Indies,Hyderabad,45.3,60,75.5,37.0,4,37.3
Shubman Gill,South Africa,Chennai,42.1,35,120.3,32.4,4,48.4
Shreyas Iyer,Sri Lanka,Ahmedabad,42.4,26,163.1,39.4,3,38.6
Hardik Pandya,Bangladesh,Bangalore,52.0,31,167.7,29.4,1,38.4
Shreyas Iyer,England,Chennai,32.8,52,63.1,34.6,1,45.1
Sanju Samson,New Zealand,Bangalore,27.9,69,40.4,31.0,5,34.3
Shubman Gill,West Indies,Bangalore,50.1,63,79.5,32.3,3,40.5
Rishabh Pant,West Indies,Chennai,50.1,31,161.6,47.5,2,43.9
Virat Kohli,Sri Lanka,Ahmedabad,27.7,49,56.5,39.9,3,41.7
Sanju Samson,Bangladesh,Chennai,47.1,53,88.9,43.3,4,54.5
Shreyas Iyer,Australia,Mumbai,53.0,26,203.8,48.2,2,58.9
Sanju Samson,England,Hyderabad,42.8,37,115.7,42.7,3,45.5
Rishabh Pant,West Indies,Mumbai,37.4,48,77.9,48.6,4,47.8
Ishan Kishan,England,Jaipur,53.8,63,85.4,50.8,3,51.3
Ishan Kishan,West Indies,Bangalore,48.5,67,72.4,38.0,1,41.9
KL Rahul,Bangladesh,Mumbai,41.4,23,180.0,36.7,1,35.3
Rohit Sharma,Sri Lanka,Bangalore,17.8,59,30.2,26.2,3,28.9
Hardik Pandya,West Indies,Mumbai,53.7,49,109.6,33.3,4,50.3
Sanju Samson,England,Jaipur,65.3,25,261.2,49.9,1,55.2
KL Rahul,Pakistan,Ahmedabad,69.4,26,266.9,48.8,3,60.3
Sanju Samson,Australia,Hyderabad,45.5,47,96.8,25.6,3,40.2
Rishabh Pant,West Indies,Delhi,48.8,32,152.5,51.6,4,52.6
Hardik Pandya,New Zealand,Delhi,56.5,63,89.7,53.8,5,55.3
Rohit Sharma,Sri Lanka,Jaipur,36.1,68,53.1,42.4,4,47.5
Rohit Sharma,South Africa,Chennai,27.4,56,48.9,30.5,4,28.9
Shreyas Iyer,Pakistan,Ahmedabad,34.8,21,165.7,40.1,1,37.2
Suryakumar Yadav,Australia,Chennai,23.1,49,47.1,27.7,3,36.3
Hardik Pandya,Bangladesh,Bangalore,27.7,36,76.9,31.4,5,42.1
Virat Kohli,New Zealand,Bangalore,17.3,46,37.6,32.7,3,29.3
Virat Kohli,New Zealand,Jaipur,56.7,54,105.0,50.1,3,48.0
Shubman Gill,West Indies,Mumbai,48.6,58,83.8,36.2,4,39.2
Rishabh Pant,Sri Lanka,Mumbai,15.2,53,28.7,30.0,2,25.1
KL Rahul,Australia,Mumbai,40.6,70,58.0,35.6,4,49.0
Shubman Gill,New Zealand,Jaipur,37.3,41,91.0,33.4,1,39.8
Shreyas Iyer,Australia,Delhi,65.0,38,171.1,54.1,4,57.6
Shreyas Iyer,New Zealand,Hyderabad,15.2,45,33.8,25.0,1,28.7
Rohit Sharma,Sri Lanka,Delhi,52.4,68,77.1,54.0,2,67.2
Suryakumar Yadav,West Indies,Mumbai,71.2,64,111.2,53.9,5,57.2
Rishabh Pant,Pakistan,Delhi,59.1,66,89.5,48.4,3,44.8
Virat Kohli,South Africa,Jaipur,35.6,34,104.7,32.1,3,40.7
Rohit Sharma,Australia,Jaipur,44.1,66,66.8,37.7,3,53.6
Rohit Sharma,Sri Lanka,Delhi,40.1,58,69.1,38.8,2,44.1
Sanju Samson,South Africa,Bangalore,56.2,40,140.5,53.0,2,57.9
Rishabh Pant,West Indies,Chennai,66.8,61,109.5,51.1,1,51.9
Virat Kohli,South Africa,Bangalore,46.7,43,108.6,36.9,1,41.9
Ishan Kishan,Bangladesh,Hyderabad,36.2,67,54.0,31.5,1,25.3
KL Rahul,England,Jaipur,49.4,64,77.2,26.5,5,39.7
KL Rahul,New Zealand,Kolkata,62.9,48,131.0,45.6,1,57.4
Hardik Pandya,West Indies,Bangalore,56.4,34,165.9,37.1,3,44.0
Rohit Sharma,Sri Lanka,Bangalore,60.5,36,168.1,47.1,5,57.9
Hardik Pandya,New Zealand,Ahmedabad,31.1,28,111.1,28.1,5,43.7
Rohit Sharma,West Indies,Jaipur,40.0,44,90.9,52.2,3,48.6
Virat Kohli,South Africa,Ahmedabad,62.9,27,233.0,37.3,4,48.8
Shubman Gill,South Africa,Mumbai,35.6,56,63.6,25.1,5,31.4
Hardik Pandya,Sri Lanka,Kolkata,39.3,36,109.2,46.6,4,52.1
Suryakumar Yadav,England,Ahmedabad,60.5,40,151.2,50.8,2,54.1
Sanju Samson,Pakistan,Jaipur,33.2,25,132.8,36.4,4,46.1
Shreyas Iyer,Pakistan,Mumbai,41.7,64,65.2,37.5,4,38.7
Shubman Gill,Sri Lanka,Mumbai,51.7,21,246.2,33.5,4,44.1
Rishabh Pant,Pakistan,Delhi,41.4,21,197.1,27.8,4,35.9
Hardik Pandya,Sri Lanka,Mumbai,44.7,44,101.6,39.6,5,57.0
KL Rahul,West Indies,Bangalore,33.7,70,48.1,28.6,4,27.7
Rohit Sharma,New Zealand,Ahmedabad,37.8,41,92.2,27.5,3,33.9
Shreyas Iyer,England,Bangalore,40.1,52,77.1,45.3,2,50.1
KL Rahul,South Africa,Kolkata,56.9,40,142.2,38.2,3,52.0
Virat Kohli,Australia,Delhi,65.8,60,109.7,54.7,5,57.4
KL Rahul,Sri Lanka,Mumbai,30.5,27,113.0,27.5,2,33.1
Rohit Sharma,Pakistan,Jaipur,26.4,65,40.6,43.1,1,40.1
Sanju Samson,New Zealand,Ahmedabad,46.6,24,194.2,51.3,2,58.6
Sanju Samson,South Africa,Ahmedabad,55.8,59,94.6,40.0,2,47.5
Hardik Pandya,West Indies,Jaipur,43.0,20,215.0,33.6,4,35.0
Hardik Pandya,South Africa,Delhi,57.0,34,167.6,48.4,2,52.8
Ishan Kishan,Sri Lanka,Bangalore,44.9,27,166.3,26.3,2,33.4
Virat Kohli,Australia,Delhi,71.7,39,183.8,53.9,2,60.3
Sanju Samson,South Africa,Bangalore,82.1,34,241.5,52.8,4,68.6
Rishabh Pant,West Indies,Mumbai,30.8,42,73.3,35.0,2,39.1
Virat Kohli,Australia,Ahmedabad,51.8,38,136.3,30.6,5,41.3
Sanju Samson,Bangladesh,Hyderabad,53.6,65,82.5,54.3,1,53.2
Ishan Kishan,Pakistan,Ahmedabad,32.0,28,114.3,30.4,5,41.6
Sanju Samson,West Indies,Bangalore,29.6,36,82.2,26.9,1,36.6
Rishabh Pant,West Indies,Mumbai,51.3,37,138.6,27.5,5,39.4
Rishabh Pant,England,Ahmedabad,39.4,33,119.4,40.8,3,43.2
Virat Kohli,Sri Lanka,Kolkata,61.7,29,212.8,41.4,1,50.4
Suryakumar Yadav,New Zealand,Bangalore,53.5,33,162.1,49.2,3,64.4
Virat Kohli,England,Mumbai,58.9,57,103.3,48.5,5,67.0
Shubman Gill,South Africa,Chennai,37.9,22,172.3,38.0,5,40.6
Ishan Kishan,South Africa,Kolkata,28.0,35,80.0,26.3,3,24.0
Suryakumar Yadav,Sri Lanka,Bangalore,56.1,54,103.9,45.8,4,53.5
Hardik Pandya,West Indies,Kolkata,38.9,53,73.4,40.5,4,51.1
Ishan Kishan,Sri Lanka,Ahmedabad,67.2,53,126.8,52.2,5,70.7
Shubman Gill,West Indies,Delhi,64.5,48,134.4,43.3,4,51.9
Rohit Sharma,Sri Lanka,Mumbai,35.1,23,152.6,30.1,5,46.6
KL Rahul,New Zealand,Delhi,67.4,62,108.7,52.5,4,68.6
KL Rahul,Sri Lanka,Ahmedabad,42.6,47,90.6,37.8,4,39.0
Rohit Sharma,Sri Lanka,Bangalore,45.2,62,72.9,33.9,4,37.3
Sanju Samson,New Zealand,Bangalore,73.7,39,189.0,51.8,4,68.2
Ishan Kishan,Pakistan,Chennai,32.1,70,45.9,30.0,1,39.0
Shubman Gill,South Africa,Jaipur,61.0,60,101.7,39.8,4,57.1
KL Rahul,Australia,Bangalore,32.5,38,85.5,27.4,5,30.2
Suryakumar Yadav,South Africa,Kolkata,39.3,41,95.9,41.5,2,36.2
KL Rahul,Bangladesh,Kolkata,60.3,56,107.7,51.2,2,59.1
Shubman Gill,West Indies,Bangalore,69.3,20,346.5,50.3,5,63.0
Suryakumar Yadav,New Zealand,Ahmedabad,46.6,33,141.2,37.0,5,45.4
Shubman Gill,Sri Lanka,Mumbai,52.1,30,173.7,49.3,3,64.5
Rishabh Pant,West Indies,Bangalore,52.3,66,79.2,34.6,2,45.6
Shreyas Iyer,Bangladesh,Delhi,48.2,30,160.7,53.1,4,61.6
KL Rahul,West Indies,Kolkata,42.6,43,99.1,33.0,5,35.7
Suryakumar Yadav,New Zealand,Delhi,46.4,34,136.5,28.9,5,32.5
Shubman Gill,New Zealand,Mumbai,46.1,68,67.8,46.4,2,51.0
KL Rahul,South Africa,Kolkata,46.9,64,73.3,45.2,5,52.8
Rohit Sharma,Bangladesh,Hyderabad,44.4,60,74.0,46.8,5,58.4
KL Rahul,New Zealand,Kolkata,47.3,64,73.9,48.2,4,47.2
Virat Kohli,West Indies,Jaipur,73.6,26,283.1,50.4,2,62.3
Hardik Pandya,Bangladesh,Hyderabad,62.5,51,122.5,50.3,1,51.3
Ishan Kishan,Bangladesh,Bangalore,35.2,49,71.8,42.1,2,46.4
KL Rahul,Pakistan,Kolkata,18.7,50,37.4,30.1,3,32.1
Rohit Sharma,Bangladesh,Hyderabad,57.8,38,152.1,53.8,3,59.0
KL Rahul,Bangladesh,Hyderabad,67.6,52,130.0,54.8,3,68.8
Rishabh Pant,Sri Lanka,Hyderabad,63.4,37,171.4,45.6,2,57.8
Hardik Pandya,New Zealand,Delhi,53.7,68,79.0,28.6,2,41.4
Rohit Sharma,Sri Lanka,Hyderabad,79.6,69,115.4,53.9,3,64.7
Ishan Kishan,England,Bangalore,33.7,64,52.7,37.8,1,42.5
Shubman Gill,South Africa,Mumbai,52.2,27,193.3,39.3,5,52.2
Virat Kohli,Pakistan,Mumbai,70.4,65,108.3,42.7,5,57.8
KL Rahul,Pakistan,Mumbai,27.7,23,120.4,28.6,1,27.9
KL Rahul,England,Hyderabad,75.4,50,150.8,54.2,2,64.4
Suryakumar Yadav,West Indies,Chennai,41.5,34,122.1,40.2,2,37.7
Suryakumar Yadav,South Africa,Hyderabad,43.6,28,155.7,50.5,2,55.5
Sanju Samson,Pakistan,Mumbai,22.6,70,32.3,27.8,4,37.0
KL Rahul,Pakistan,Mumbai,40.0,27,148.1,36.6,5,51.9
Rohit Sharma,Pakistan,Bangalore,66.4,38,174.7,49.4,1,56.7
Sanju Samson,South Africa,Hyderabad,37.3,63,59.2,28.7,4,33.9
Rohit Sharma,England,Mumbai,37.0,61,60.7,32.9,4,39.4
Rishabh Pant,South Africa,Chennai,67.8,21,322.9,44.5,5,61.9
Suryakumar Yadav,Sri Lanka,Kolkata,36.2,58,62.4,36.4,3,35.5
Sanju Samson,Australia,Jaipur,55.4,20,277.0,33.5,4,42.0
Rishabh Pant,Pakistan,Mumbai,39.7,28,141.8,25.4,3,36.2
Hardik Pandya,Australia,Delhi,55.9,52,107.5,54.7,1,59.7
Sanju Samson,South Africa,Hyderabad,60.7,52,116.7,42.6,1,52.5
Rohit Sharma,South Africa,Kolkata,48.9,58,84.3,45.6,2,57.8
Ishan Kishan,Pakistan,Jaipur,27.0,36,75.0,28.2,2,37.0
Shubman Gill,Australia,Bangalore,58.5,36,162.5,54.5,1,57.7
Rishabh Pant,Australia,Jaipur,26.0,28,92.9,27.6,5,28.3
KL Rahul,Australia,Ahmedabad,34.1,21,162.4,32.0,5,47.8
Sanju Samson,Pakistan,Ahmedabad,40.7,66,61.7,45.8,5,53.8
Shubman Gill,England,Mumbai,50.2,68,73.8,37.9,3,41.7
Hardik Pandya,England,Bangalore,43.3,52,83.3,31.3,5,34.9
KL Rahul,Pakistan,Kolkata,33.5,52,64.4,34.3,4,44.9
Shreyas Iyer,South Africa,Delhi,44.4,59,75.3,26.6,4,30.8
Hardik Pandya,Australia,Ahmedabad,55.4,66,83.9,54.8,1,61.4
Ishan Kishan,South Africa,Jaipur,38.0,52,73.1,42.9,4,50.4
Suryakumar Yadav,Australia,Jaipur,33.7,27,124.8,37.0,1,38.0
Virat Kohli,South Africa,Jaipur,44.7,26,171.9,31.8,1,43.8
Sanju Samson,Australia,Ahmedabad,49.7,22,225.9,50.1,5,51.9
Suryakumar Yadav,New Zealand,Ahmedabad,61.3,34,180.3,46.4,2,57.7
Ishan Kishan,South Africa,Chennai,32.0,31,103.2,44.4,1,41.5
Shreyas Iyer,Australia,Ahmedabad,46.8,67,69.9,32.8,5,36.3
Rohit Sharma,South Africa,Chennai,58.3,32,182.2,43.1,1,49.1
Shubman Gill,Sri Lanka,Jaipur,51.9,47,110.4,50.0,2,57.9
Shreyas Iyer,England,Jaipur,40.9,21,194.8,29.6,5,43.2
Shubman Gill,Pakistan,Jaipur,59.0,27,218.5,41.7,3,45.5
Sanju Samson,England,Mumbai,54.6,45,121.3,31.7,3,46.8
KL Rahul,South Africa,Bangalore,41.8,37,113.0,27.8,1,27.4
Virat Kohli,Bangladesh,Chennai,34.4,22,156.4,40.9,2,48.5
Suryakumar Yadav,South Africa,Mumbai,18.8,69,27.2,30.8,1,23.2
Virat Kohli,South Africa,Kolkata,28.6,53,54.0,27.7,2,35.3
Rohit Sharma,West Indies,Chennai,51.3,31,165.5,46.5,1,51.4
Rohit Sharma,Pakistan,Jaipur,59.2,35,169.1,40.5,2,46.2
Shubman Gill,Bangladesh,Chennai,69.6,56,124.3,50.3,3,57.7
Virat Kohli,Pakistan,Hyderabad,50.1,42,119.3,37.5,5,48.7
Hardik Pandya,Pakistan,Mumbai,52.5,41,128.0,42.7,2,49.6
Shreyas Iyer,Australia,Mumbai,30.8,65,47.4,29.4,1,38.1
Shreyas Iyer,South Africa,Delhi,56.2,61,92.1,54.5,4,57.1
Hardik Pandya,Bangladesh,Bangalore,35.3,55,64.2,32.6,2,43.2
Hardik Pandya,West Indies,Hyderabad,39.1,41,95.4,26.5,4,42.4
Shubman Gill,West Indies,Mumbai,43.3,37,117.0,26.1,5,32.0
Suryakumar Yadav,Bangladesh,Kolkata,31.8,26,122.3,31.4,2,26.8
Rohit Sharma,England,Bangalore,31.3,31,101.0,36.8,5,36.8
Shreyas Iyer,England,Mumbai,33.3,66,50.5,30.7,5,36.9
Shubman Gill,New Zealand,Hyderabad,68.0,37,183.8,39.9,3,53.1
Rohit Sharma,Pakistan,Jaipur,49.8,49,101.6,44.9,3,47.3
KL Rahul,New Zealand,Delhi,57.6,22,261.8,45.7,4,54.0
Hardik Pandya,England,Delhi,52.1,36,144.7,34.1,2,39.8
Suryakumar Yadav,Sri Lanka,Jaipur,44.9,37,121.4,36.1,4,47.7
Rohit Sharma,South Africa,Delhi,73.4,44,166.8,45.5,5,62.4
Ishan Kishan,Australia,Delhi,38.0,64,59.4,34.4,4,51.0
Hardik Pandya,Pakistan,Ahmedabad,43.4,61,71.1,45.9,1,46.2
Suryakumar Yadav,South Africa,Chennai,43.2,46,93.9,43.2,1,45.0
Ishan Kishan,Bangladesh,Jaipur,46.6,57,81.8,31.0,5,42.6
Suryakumar Yadav,Bangladesh,Ahmedabad,35.8,67,53.4,34.8,5,38.1
Shreyas Iyer,Bangladesh,Jaipur,54.7,36,151.9,31.8,1,40.5
Ishan Kishan,Pakistan,Kolkata,62.0,29,213.8,55.0,2,53.4
Shreyas Iyer,England,Bangalore,28.7,29,99.0,29.6,5,40.3
KL Rahul,Pakistan,Hyderabad,17.2,38,45.3,32.6,1,30.3
Hardik Pandya,Australia,Bangalore,55.0,65,84.6,39.4,4,45.9
Shreyas Iyer,England,Bangalore,49.6,65,76.3,51.3,5,62.0
Rohit Sharma,New Zealand,Mumbai,25.5,55,46.4,40.9,3,39.8
Suryakumar Yadav,Pakistan,Jaipur,29.6,45,65.8,35.6,5,40.8
Suryakumar Yadav,Sri Lanka,Bangalore,61.5,28,219.6,49.7,3,64.0
Shubman Gill,Pakistan,Mumbai,35.8,37,96.8,38.6,1,44.2
Shubman Gill,Bangladesh,Mumbai,25.1,27,93.0,26.3,4,27.7
Hardik Pandya,South Africa,Delhi,38.1,38,100.3,33.7,5,44.5
Rohit Sharma,South Africa,Chennai,44.1,70,63.0,46.8,3,46.3
KL Rahul,South Africa,Jaipur,50.4,41,122.9,49.3,2,50.5
Virat Kohli,South Africa,Ahmedabad,62.4,58,107.6,48.4,3,57.9
KL Rahul,Bangladesh,Bangalore,35.3,45,78.4,26.5,2,24.5
KL Rahul,Pakistan,Bangalore,77.7,62,125.3,54.5,5,72.8
Rishabh Pant,England,Ahmedabad,41.9,43,97.4,38.7,2,44.8
Hardik Pandya,South Africa,Hyderabad,45.7,43,106.3,38.3,1,48.3
Ishan Kishan,Australia,Mumbai,55.7,31,179.7,48.2,3,53.0
Virat Kohli,Pakistan,Ahmedabad,41.7,50,83.4,32.4,5,48.9
Virat Kohli,Pakistan,Kolkata,48.1,52,92.5,25.2,4,35.0
Shubman Gill,Australia,Chennai,41.1,29,141.7,38.7,4,43.2
KL Rahul,Bangladesh,Hyderabad,64.2,62,103.5,45.9,2,57.5
KL Rahul,New Zealand,Kolkata,22.8,50,45.6,33.0,2,31.9
Shubman Gill,Pakistan,Delhi,71.8,34,211.2,41.2,5,59.1
Suryakumar Yadav,South Africa,Bangalore,65.1,48,135.6,48.7,5,68.1
Suryakumar Yadav,Australia,Mumbai,22.8,46,49.6,29.7,2,31.8
Ishan Kishan,West Indies,Delhi,42.6,52,81.9,44.3,5,46.4
Suryakumar Yadav,Sri Lanka,Hyderabad,24.9,35,71.1,30.4,2,38.5
Ishan Kishan,South Africa,Mumbai,60.0,63,95.2,39.4,3,48.2
KL Rahul,New Zealand,Kolkata,50.6,46,110.0,45.8,5,52.3
Rohit Sharma,Australia,Chennai,26.3,67,39.3,31.2,1,23.2
Suryakumar Yadav,South Africa,Ahmedabad,26.3,52,50.6,34.4,1,37.6
Shubman Gill,Sri Lanka,Mumbai,33.7,68,49.6,33.2,2,36.9
Shreyas Iyer,South Africa,Mumbai,57.2,30,190.7,44.7,4,53.4
Sanju Samson,England,Hyderabad,37.1,61,60.8,29.6,1,38.7
Ishan Kishan,Australia,Jaipur,36.5,61,59.8,37.6,4,49.2
Virat Kohli,Bangladesh,Jaipur,33.3,63,52.9,38.0,3,39.8
Virat Kohli,Sri Lanka,Chennai,54.0,52,103.8,36.1,3,45.0
Shreyas Iyer,New Zealand,Delhi,59.6,30,198.7,46.5,2,49.2
KL Rahul,South Africa,Jaipur,74.3,53,140.2,53.8,3,65.9
KL Rahul,Australia,Mumbai,37.6,21,179.0,30.7,4,47.7
KL Rahul,Australia,Mumbai,46.7,51,91.6,30.3,3,44.1
Suryakumar Yadav,Australia,Jaipur,47.2,41,115.1,48.9,5,50.6
Rishabh Pant,Bangladesh,Mumbai,43.3,58,74.7,40.9,1,52.6
Ishan Kishan,Sri Lanka,Ahmedabad,32.3,23,140.4,36.0,2,33.2
Shubman Gill,Australia,Hyderabad,46.4,64,72.5,38.7,2,49.3
Shreyas Iyer,Australia,Chennai,39.8,23,173.0,35.6,4,47.6
Shreyas Iyer,New Zealand,Bangalore,35.3,68,51.9,46.4,1,47.4
Rishabh Pant,Pakistan,Ahmedabad,55.6,51,109.0,45.2,3,55.6
Shubman Gill,West Indies,Bangalore,53.0,56,94.6,42.3,3,44.6
Virat Kohli,South Africa,Hyderabad,69.7,57,122.3,54.7,4,55.8
Shubman Gill,New Zealand,Delhi,47.8,37,129.2,49.2,4,55.6
Ishan Kishan,West Indies,Chennai,61.9,44,140.7,55.0,4,58.5
Virat Kohli,Australia,Kolkata,53.0,37,143.2,33.6,5,39.7
Shubman Gill,West Indies,Ahmedabad,56.6,61,92.8,53.7,3,54.8
Shubman Gill,England,Bangalore,66.8,23,290.4,46.7,3,53.6
KL Rahul,England,Ahmedabad,45.9,25,183.6,29.8,4,31.5
Sanju Samson,Pakistan,Chennai,39.1,58,67.4,29.8,1,33.2
Hardik Pandya,New Zealand,Mumbai,47.3,32,147.8,41.7,5,47.7
Rohit Sharma,England,Delhi,44.7,22,203.2,53.3,4,57.2
Hardik Pandya,South Africa,Ahmedabad,32.9,43,76.5,38.9,5,46.7
Shubman Gill,New Zealand,Bangalore,43.1,32,134.7,44.7,3,53.5
Shubman Gill,South Africa,Delhi,53.8,51,105.5,45.2,1,43.5
Suryakumar Yadav,England,Jaipur,39.7,68,58.4,30.7,5,46.3
Hardik Pandya,West Indies,Chennai,31.0,59,52.5,33.1,3,38.6
Shreyas Iyer,New Zealand,Hyderabad,45.8,50,91.6,51.7,4,51.8
Ishan Kishan,Australia,Chennai,52.8,70,75.4,35.5,2,48.3
Shubman Gill,Sri Lanka,Hyderabad,38.0,26,146.2,40.7,5,52.3
Shreyas Iyer,England,Kolkata,55.8,59,94.6,35.9,5,51.6
KL Rahul,Pakistan,Mumbai,28.4,26,109.2,26.1,3,23.5
Rishabh Pant,West Indies,Kolkata,41.7,54,77.2,31.6,1,31.1
Rishabh Pant,New Zealand,Kolkata,35.5,46,77.2,34.0,2,39.5
Virat Kohli,Sri Lanka,Jaipur,42.6,42,101.4,44.2,3,55.3
Hardik Pandya,South Africa,Bangalore,42.6,26,163.8,34.1,5,45.1
Shreyas Iyer,England,Bangalore,46.3,28,165.4,48.2,3,48.8
Shubman Gill,New Zealand,Chennai,44.7,58,77.1,38.4,1,49.3
Suryakumar Yadav,New Zealand,Hyderabad,38.7,58,66.7,38.4,4,42.0
Shreyas Iyer,Australia,Hyderabad,28.5,21,135.7,26.8,3,34.1
Sanju Samson,Pakistan,Hyderabad,56.5,54,104.6,46.2,2,51.4
Hardik Pandya,Pakistan,Hyderabad,58.8,59,99.7,51.0,2,63.3
Virat Kohli,Pakistan,Delhi,52.5,46,114.1,44.4,4,47.2
KL Rahul,Bangladesh,Chennai,50.1,49,102.2,51.3,3,47.4
Ishan Kishan,New Zealand,Delhi,41.7,25,166.8,53.6,1,50.2
Rishabh Pant,Sri Lanka,Chennai,53.0,56,94.6,44.3,4,43.8
Suryakumar Yadav,England,Bangalore,46.7,63,74.1,28.5,4,35.2
Rohit Sharma,West Indies,Bangalore,50.5,65,77.7,51.9,2,57.2
Ishan Kishan,New Zealand,Chennai,38.8,24,161.7,39.1,1,32.2
Shubman Gill,West Indies,Kolkata,51.4,39,131.8,52.1,4,50.3
Rohit Sharma,West Indies,Kolkata,63.0,48,131.2,47.7,2,61.6
Suryakumar Yadav,West Indies,Jaipur,34.8,35,99.4,37.8,5,47.2
Shreyas Iyer,New Zealand,Delhi,39.1,64,61.1,38.6,1,44.6
Ishan Kishan,Bangladesh,Chennai,25.4,42,60.5,32.4,1,34.2
KL Rahul,West Indies,Hyderabad,57.6,46,125.2,46.7,4,60.5
Rishabh Pant,South Africa,Ahmedabad,52.1,67,77.8,54.1,2,62.6
Virat Kohli,South Africa,Bangalore,37.6,29,129.7,31.8,5,46.5
Suryakumar Yadav,Sri Lanka,Kolkata,46.6,51,91.4,47.0,1,45.1
Suryakumar Yadav,West Indies,Jaipur,54.4,42,129.5,47.7,4,51.1
Sanju Samson,West Indies,Mumbai,61.5,40,153.8,36.7,4,54.1
Ishan Kishan,South Africa,Kolkata,45.2,46,98.3,26.2,5,38.0
Ishan Kishan,England,Ahmedabad,39.7,56,70.9,38.0,1,41.6
Hardik Pandya,England,Chennai,51.1,52,98.3,42.6,4,53.5
Ishan Kishan,England,Kolkata,17.6,32,55.0,25.7,2,27.5
Shubman Gill,South Africa,Ahmedabad,62.9,64,98.3,51.6,5,65.5
Rishabh Pant,Sri Lanka,Bangalore,48.4,29,166.9,39.4,4,42.0
Rishabh Pant,New Zealand,Chennai,36.8,49,75.1,40.8,1,35.8
Shreyas Iyer,Pakistan,Ahmedabad,24.6,26,94.6,28.2,1,38.1
Rohit Sharma,Bangladesh,Hyderabad,27.6,50,55.2,28.7,4,35.1
Rishabh Pant,Australia,Delhi,50.8,45,112.9,39.7,3,51.6
Shreyas Iyer,South Africa,Ahmedabad,60.6,55,110.2,41.2,4,57.2
Hardik Pandya,Pakistan,Kolkata,39.4,43,91.6,47.8,3,47.5
Ishan Kishan,Bangladesh,Bangalore,45.8,52,88.1,48.9,4,59.9
Hardik Pandya,Sri Lanka,Kolkata,26.9,54,49.8,45.5,1,40.4
Ishan Kishan,South Africa,Delhi,41.7,44,94.8,51.4,1,46.2
Shubman Gill,England,Bangalore,47.9,20,239.5,35.2,5,48.3
Rishabh Pant,Australia,Kolkata,34.2,70,48.9,26.7,2,29.9
Sanju Samson,South Africa,Jaipur,43.8,23,190.4,26.6,4,30.3
Rohit Sharma,Bangladesh,Hyderabad,36.0,32,112.5,37.0,2,32.0
Shubman Gill,Sri Lanka,Kolkata,51.6,68,75.9,36.0,5,52.9
KL Rahul,South Africa,Delhi,64.0,70,91.4,39.2,3,55.1
Rishabh Pant,West Indies,Ahmedabad,28.6,43,66.5,38.5,1,36.0
Hardik Pandya,England,Jaipur,60.9,61,99.8,28.8,5,48.7
Shubman Gill,Australia,Jaipur,38.8,33,117.6,32.7,1,35.8
Virat Kohli,West Indies,Kolkata,49.9,46,108.5,42.5,4,47.5
Rohit Sharma,Bangladesh,Hyderabad,48.4,21,230.5,48.6,3,46.6
Sanju Samson,Bangladesh,Kolkata,50.7,43,117.9,34.1,3,39.0
Shubman Gill,Australia,Kolkata,50.1,69,72.6,29.1,1,38.5
Rishabh Pant,New Zealand,Chennai,23.6,61,38.7,35.2,3,32.8
KL Rahul,Sri Lanka,Jaipur,21.1,59,35.8,38.6,2,34.9
Virat Kohli,New Zealand,Jaipur,70.8,37,191.4,52.5,5,56.7
Virat Kohli,New Zealand,Delhi,58.4,56,104.3,53.5,2,56.7
Hardik Pandya,Pakistan,Jaipur,43.6,54,80.7,52.9,3,56.3
Rohit Sharma,Pakistan,Delhi,42.2,25,168.8,52.5,2,52.2
Ishan Kishan,Australia,Kolkata,43.1,62,69.5,40.2,4,47.7
Sanju Samson,England,Delhi,35.1,58,60.5,28.7,5,38.2
Ishan Kishan,South Africa,Kolkata,41.4,29,142.8,39.9,4,48.7
Suryakumar Yadav,Bangladesh,Kolkata,63.5,37,171.6,41.9,5,55.2
Shreyas Iyer,South Africa,Mumbai,60.6,49,123.7,52.2,2,58.8
Sanju Samson,England,Hyderabad,58.1,26,223.5,36.2,5,50.2
Rohit Sharma,Bangladesh,Ahmedabad,46.1,54,85.4,38.9,4,38.2
Sanju Samson,England,Ahmedabad,49.6,35,141.7,43.1,4,57.3
Virat Kohli,Australia,Bangalore,67.7,66,102.6,36.8,5,54.6
Suryakumar Yadav,Pakistan,Hyderabad,22.0,29,75.9,31.7,2,36.5
Ishan Kishan,New Zealand,Delhi,64.2,65,98.8,47.3,3,55.7
Virat Kohli,Australia,Mumbai,48.6,66,73.6,50.8,4,51.8
Hardik Pandya,England,Chennai,30.3,48,63.1,39.3,4,40.0
Rohit Sharma,Australia,Bangalore,24.7,70,35.3,39.6,1,39.2
Virat Kohli,Australia,Bangalore,65.2,31,210.3,43.3,2,52.6
Shubman Gill,South Africa,Jaipur,58.4,21,278.1,53.1,1,45.1
Rishabh Pant,West Indies,Bangalore,67.5,57,118.4,52.4,2,54.6
KL Rahul,Pakistan,Delhi,29.2,31,94.2,29.7,1,39.7
Rohit Sharma,Sri Lanka,Ahmedabad,38.5,20,192.5,32.8,4,31.2
Shreyas Iyer,West Indies,Bangalore,46.4,60,77.3,47.8,1,49.3
Rohit Sharma,Bangladesh,Bangalore,37.4,69,54.2,50.1,3,52.1
Shubman Gill,South Africa,Chennai,57.0,46,123.9,48.5,2,61.6
Hardik Pandya,South Africa,Delhi,37.6,29,129.7,52.8,3,49.1
Shreyas Iyer,Australia,Bangalore,53.4,31,172.3,30.9,4,44.6
Shubman Gill,New Zealand,Jaipur,27.3,25,109.2,37.5,5,39.0
Hardik Pandya,South Africa,Kolkata,75.9,25,303.6,54.7,3,66.8
Shubman Gill,Pakistan,Ahmedabad,25.1,66,38.0,34.0,3,31.6
Ishan Kishan,Bangladesh,Chennai,50.2,40,125.5,41.0,3,49.7
KL Rahul,New Zealand,Mumbai,31.4,28,112.1,42.7,2,39.6
KL Rahul,New Zealand,Bangalore,63.8,37,172.4,37.4,3,52.7
Sanju Samson,West Indies,Bangalore,30.8,66,46.7,31.7,2,40.8
Rishabh Pant,Sri Lanka,Chennai,60.9,68,89.6,29.3,5,46.2
KL Rahul,South Africa,Mumbai,53.4,48,111.2,34.4,4,51.4
Sanju Samson,South Africa,Kolkata,46.3,27,171.5,36.5,1,34.4
Shubman Gill,Sri Lanka,Ahmedabad,51.5,33,156.1,45.9,2,47.4
Shubman Gill,Pakistan,Kolkata,49.2,60,82.0,34.2,2,45.9
Ishan Kishan,South Africa,Hyderabad,53.3,69,77.2,48.7,3,48.5
Ishan Kishan,West Indies,Mumbai,48.6,40,121.5,45.5,2,48.8
Shubman Gill,New Zealand,Hyderabad,58.0,32,181.2,41.7,5,54.4
Rohit Sharma,West Indies,Ahmedabad,65.9,61,108.0,51.7,5,69.1
Shreyas Iyer,New Zealand,Mumbai,60.4,53,114.0,46.8,3,56.6
Rohit Sharma,England,Chennai,43.2,24,180.0,38.2,2,38.2
Shubman Gill,New Zealand,Hyderabad,33.9,70,48.4,34.9,2,43.4
Virat Kohli,Australia,Hyderabad,56.7,21,270.0,52.5,5,61.8
Rohit Sharma,West Indies,Kolkata,51.5,35,147.1,32.1,1,41.7
Suryakumar Yadav,Sri Lanka,Hyderabad,67.9,50,135.8,41.6,2,53.1
Rohit Sharma,South Africa,Delhi,39.5,58,68.1,38.2,2,47.6
Shubman Gill,Bangladesh,Chennai,53.5,68,78.7,40.5,1,40.6
Rishabh Pant,Sri Lanka,Bangalore,51.3,21,244.3,47.8,1,48.5
Ishan Kishan,Bangladesh,Bangalore,37.4,34,110.0,32.9,4,31.4
Ishan Kishan,England,Bangalore,55.5,59,94.1,48.5,2,45.6
Rishabh Pant,Pakistan,Jaipur,37.5,69,54.3,32.6,2,42.0
Shubman Gill,Pakistan,Kolkata,49.4,20,247.0,38.2,1,39.0
KL Rahul,South Africa,Mumbai,46.1,45,102.4,49.8,4,51.5
Virat Kohli,West Indies,Bangalore,41.6,28,148.6,46.9,1,46.0
Shreyas Iyer,South Africa,Kolkata,54.1,38,142.4,38.5,2,47.7
Ishan Kishan,Bangladesh,Mumbai,45.1,31,145.5,28.0,1,30.5
Shubman Gill,Bangladesh,Jaipur,49.9,23,217.0,50.0,4,59.7
Ishan Kishan,New Zealand,Jaipur,46.8,69,67.8,37.5,1,46.9
Ishan Kishan,South Africa,Mumbai,11.0,56,19.6,25.7,4,25.9
Sanju Samson,Sri Lanka,Hyderabad,53.2,60,88.7,44.1,5,49.6
Rohit Sharma,Bangladesh,Bangalore,59.1,47,125.7,51.5,1,51.2
KL Rahul,New Zealand,Hyderabad,27.0,58,46.6,29.5,3,35.1
Rishabh Pant,New Zealand,Jaipur,24.7,22,112.3,31.2,3,37.4
Shreyas Iyer,Sri Lanka,Bangalore,38.1,52,73.3,41.2,3,37.8
Sanju Samson,Pakistan,Jaipur,44.6,51,87.5,30.4,5,48.1
Rishabh Pant,West Indies,Chennai,68.6,62,110.6,49.8,5,60.0
Sanju Samson,West Indies,Kolkata,44.3,22,201.4,46.9,2,53.8
Rishabh Pant,Australia,Mumbai,27.5,46,59.8,26.7,3,31.3
KL Rahul,West Indies,Ahmedabad,42.0,38,110.5,25.4,2,39.4
Rishabh Pant,New Zealand,Kolkata,55.2,62,89.0,29.9,4,45.2
Rohit Sharma,Bangladesh,Ahmedabad,45.1,51,88.4,38.3,5,56.1
Shubman Gill,West Indies,Chennai,28.5,70,40.7,33.4,1,28.8
Sanju Samson,Pakistan,Kolkata,49.8,47,106.0,49.3,4,58.0
Rishabh Pant,Sri Lanka,Ahmedabad,47.3,25,189.2,32.2,3,33.1
Rohit Sharma,Australia,Chennai,45.9,70,65.6,28.3,5,37.3
Virat Kohli,Australia,Kolkata,50.4,47,107.2,50.8,2,57.4
Virat Kohli,Australia,Delhi,81.5,32,254.7,54.7,5,73.4
Suryakumar Yadav,West Indies,Delhi,53.6,35,153.1,54.4,3,54.9
Suryakumar Yadav,Pakistan,Ahmedabad,30.0,50,60.0,33.6,4,38.2
Shreyas Iyer,West Indies,Hyderabad,53.2,29,183.4,35.2,3,44.1
Virat Kohli,Sri Lanka,Mumbai,39.0,45,86.7,41.7,4,49.2
Sanju Samson,South Africa,Kolkata,48.7,20,243.5,44.6,4,44.0
KL Rahul,West Indies,Chennai,45.6,66,69.1,35.8,1,33.4
Hardik Pandya,West Indies,Mumbai,26.5,25,106.0,31.3,4,40.4
Shreyas Iyer,England,Chennai,43.4,46,94.3,44.2,5,49.4
Rohit Sharma,Australia,Bangalore,36.8,49,75.1,27.8,5,37.9
KL Rahul,Sri Lanka,Ahmedabad,29.6,52,56.9,36.6,1,33.7
Ishan Kishan,West Indies,Jaipur,27.6,58,47.6,33.5,4,39.5
Shreyas Iyer,Bangladesh,Jaipur,53.9,69,78.1,47.9,2,48.9
Shubman Gill,West Indies,Mumbai,45.3,44,103.0,35.8,3,48.3
Ishan Kishan,Australia,Mumbai,44.7,41,109.0,47.4,4,59.5
Sanju Samson,England,Kolkata,45.9,58,79.1,49.8,4,57.0
Shubman Gill,Australia,Chennai,24.2,53,45.7,27.9,4,37.5
Sanju Samson,Pakistan,Ahmedabad,48.5,67,72.4,47.2,1,45.1
Ishan Kishan,Sri Lanka,Jaipur,51.4,37,138.9,33.5,4,44.4
Sanju Samson,South Africa,Mumbai,37.5,47,79.8,30.4,1,26.7
Sanju Samson,New Zealand,Bangalore,67.7,62,109.2,44.1,4,61.1
Hardik Pandya,New Zealand,Ahmedabad,29.7,64,46.4,31.8,2,38.2
Virat Kohli,Australia,Kolkata,26.8,48,55.8,37.7,2,35.1
Suryakumar Yadav,Sri Lanka,Delhi,39.5,22,179.5,44.8,3,54.5
Rohit Sharma,Sri Lanka,Hyderabad,40.9,28,146.1,32.1,3,30.8
Virat Kohli,England,Jaipur,69.4,33,210.3,54.6,2,63.1
Ishan Kishan,Pakistan,Kolkata,80.2,62,129.4,54.1,3,68.7
Sanju Samson,Sri Lanka,Ahmedabad,72.4,27,268.1,52.9,2,58.0
Rohit Sharma,Bangladesh,Bangalore,49.2,62,79.4,33.0,5,37.7
Rohit Sharma,England,Bangalore,70.7,26,271.9,52.1,4,60.3
Virat Kohli,Sri Lanka,Mumbai,44.4,27,164.4,31.4,5,37.1
Virat Kohli,West Indies,Mumbai,24.7,28,88.2,40.8,3,39.1
Suryakumar Yadav,West Indies,Kolkata,27.9,65,42.9,32.8,5,40.3
Sanju Samson,South Africa,Jaipur,35.1,45,78.0,38.7,3,42.4
Suryakumar Yadav,Sri Lanka,Delhi,27.8,23,120.9,31.2,4,33.0
Virat Kohli,Australia,Ahmedabad,55.7,34,163.8,41.0,5,60.2
Ishan Kishan,Pakistan,Jaipur,52.1,48,108.5,31.3,5,49.7
Ishan Kishan,Bangladesh,Kolkata,50.6,63,80.3,46.3,2,44.2
Rishabh Pant,England,Chennai,37.2,36,103.3,34.7,5,37.7
Sanju Samson,Pakistan,Hyderabad,42.2,60,70.3,25.7,5,34.6
Virat Kohli,England,Kolkata,33.1,42,78.8,31.6,2,38.0
KL Rahul,Bangladesh,Jaipur,59.8,41,145.9,50.8,1,54.8
Rishabh Pant,Australia,Jaipur,67.4,55,122.5,53.1,3,63.8
Ishan Kishan,Australia,Mumbai,53.3,52,102.5,35.2,2,45.6
Rohit Sharma,West Indies,Mumbai,53.7,27,198.9,45.1,2,46.1
Rohit Sharma,England,Delhi,40.9,49,83.5,41.0,5,49.1
Sanju Samson,South Africa,Mumbai,34.9,43,81.2,34.2,4,41.4
KL Rahul,Bangladesh,Delhi,41.8,36,116.1,29.0,5,30.2
Sanju Samson,Sri Lanka,Chennai,53.3,37,144.1,39.8,5,42.0
KL Rahul,Australia,Hyderabad,43.1,36,119.7,30.8,5,48.8
Rohit Sharma,Pakistan,Bangalore,46.3,55,84.2,40.6,3,46.9
Shreyas Iyer,Australia,Kolkata,65.7,46,142.8,49.0,2,58.3
Virat Kohli,West Indies,Jaipur,34.9,31,112.6,34.8,4,45.3
Shreyas Iyer,England,Ahmedabad,19.8,54,36.7,37.7,2,31.9
Ishan Kishan,Sri Lanka,Chennai,34.4,64,53.8,26.9,3,40.0
Sanju Samson,England,Bangalore,48.4,32,151.2,53.7,3,51.1
Virat Kohli,West Indies,Ahmedabad,58.0,59,98.3,44.2,5,51.4
Shubman Gill,Pakistan,Chennai,40.5,61,66.4,25.0,1,26.1
Sanju Samson,Pakistan,Kolkata,55.9,69,81.0,31.6,3,41.5
Hardik Pandya,Pakistan,Hyderabad,34.3,65,52.8,30.6,1,23.8
Virat Kohli,West Indies,Hyderabad,39.4,34,115.9,43.2,2,50.4
Rishabh Pant,South Africa,Delhi,66.4,24,276.7,45.6,4,63.2
Shubman Gill,England,Mumbai,43.4,58,74.8,42.6,1,51.5
KL Rahul,West Indies,Jaipur,71.5,34,210.3,46.6,4,56.7
Rohit Sharma,New Zealand,Mumbai,33.3,22,151.4,40.8,3,43.2
Shubman Gill,New Zealand,Delhi,47.8,51,93.7,35.4,1,44.5
Rohit Sharma,South Africa,Jaipur,76.2,27,282.2,50.7,4,67.6
Shubman Gill,New Zealand,Ahmedabad,36.7,28,131.1,33.7,2,32.6
Suryakumar Yadav,Bangladesh,Kolkata,53.2,41,129.8,38.2,4,51.6
Rishabh Pant,Pakistan,Mumbai,64.8,30,216.0,41.1,5,59.4
KL Rahul,South Africa,Mumbai,47.9,37,129.5,41.4,1,36.7
Rohit Sharma,South Africa,Chennai,75.8,66,114.8,51.4,1,63.0
Hardik Pandya,Pakistan,Bangalore,36.2,34,106.5,31.6,3,42.7
Shreyas Iyer,South Africa,Kolkata,75.1,63,119.2,51.8,5,60.7
Sanju Samson,South Africa,Bangalore,76.0,25,304.0,45.0,5,63.9
Ishan Kishan,New Zealand,Mumbai,46.0,31,148.4,53.4,2,60.3
Ishan Kishan,England,Bangalore,45.5,31,146.8,40.0,2,38.3
Shubman Gill,Bangladesh,Delhi,63.6,49,129.8,53.8,4,68.1
Virat Kohli,Bangladesh,Chennai,24.0,50,48.0,42.5,1,38.0
Hardik Pandya,South Africa,Mumbai,56.9,24,237.1,47.0,1,57.6
Shubman Gill,England,Mumbai,48.8,24,203.3,25.8,5,43.0
Rishabh Pant,Bangladesh,Mumbai,60.5,69,87.7,47.8,4,54.5
Shreyas Iyer,Sri Lanka,Kolkata,54.4,57,95.4,54.8,1,61.7
Hardik Pandya,West Indies,Delhi,41.3,52,79.4,27.7,2,26.4
Shubman Gill,Australia,Ahmedabad,59.8,21,284.8,49.8,5,65.3
Shreyas Iyer,Sri Lanka,Mumbai,37.1,58,64.0,41.4,5,42.1
Hardik Pandya,West Indies,Chennai,40.0,49,81.6,36.0,4,35.8
Virat Kohli,West Indies,Hyderabad,48.4,47,103.0,49.1,3,48.6
Shubman Gill,West Indies,Ahmedabad,60.9,50,121.8,51.7,3,64.3
Shreyas Iyer,England,Hyderabad,50.0,48,104.2,30.1,2,40.4
Suryakumar Yadav,Pakistan,Delhi,48.6,22,220.9,47.6,3,45.3
Rohit Sharma,New Zealand,Ahmedabad,26.6,69,38.6,35.2,1,33.9
Rohit Sharma,England,Ahmedabad,61.2,39,156.9,42.2,4,53.8
Shubman Gill,New Zealand,Hyderabad,57.7,33,174.8,30.6,5,47.2
Rishabh Pant,Sri Lanka,Chennai,70.9,65,109.1,49.4,2,58.6
Rohit Sharma,New Zealand,Mumbai,68.1,42,162.1,50.5,1,56.1
Shreyas Iyer,West Indies,Jaipur,21.7,58,37.4,28.2,2,34.2
Ishan Kishan,West Indies,Bangalore,30.5,51,59.8,26.8,1,26.1
Rishabh Pant,England,Mumbai,22.7,60,37.8,25.4,5,26.3
Shubman Gill,Australia,Mumbai,42.0,48,87.5,30.1,1,31.3
Shubman Gill,Australia,Chennai,41.5,50,83.0,37.2,2,38.6
Shreyas Iyer,England,Mumbai,42.0,69,60.9,27.2,2,29.8
Rohit Sharma,Pakistan,Mumbai,36.4,28,130.0,44.8,4,50.0
Sanju Samson,Bangladesh,Kolkata,23.0,49,46.9,29.2,1,24.2
Shubman Gill,South Africa,Chennai,67.7,25,270.8,54.9,3,67.5
Shreyas Iyer,Bangladesh,Ahmedabad,39.6,66,60.0,38.7,4,49.7
Shubman Gill,Pakistan,Hyderabad,26.9,37,72.7,27.7,4,38.8
Rishabh Pant,Australia,Jaipur,38.5,47,81.9,51.0,1,52.8
Shreyas Iyer,West Indies,Ahmedabad,65.5,44,148.9,51.6,5,62.0
KL Rahul,Sri Lanka,Hyderabad,26.4,21,125.7,30.1,5,38.2
Suryakumar Yadav,England,Delhi,45.6,66,69.1,39.0,1,50.0
Rishabh Pant,England,Ahmedabad,64.9,48,135.2,47.0,4,59.9
Rohit Sharma,New Zealand,Hyderabad,56.2,66,85.2,40.6,3,52.3
Sanju Samson,England,Delhi,48.6,64,75.9,53.5,2,54.0
Rohit Sharma,South Africa,Delhi,60.4,48,125.8,44.6,2,50.6
Hardik Pandya,Pakistan,Jaipur,61.3,44,139.3,36.3,4,48.4
Rohit Sharma,England,Ahmedabad,57.9,64,90.5,45.8,3,52.4
Sanju Samson,South Africa,Mumbai,58.9,55,107.1,39.4,5,58.6
KL Rahul,Sri Lanka,Kolkata,51.9,46,112.8,47.6,4,55.4
Ishan Kishan,Pakistan,Kolkata,34.3,61,56.2,41.3,1,37.4
Rishabh Pant,England,Delhi,37.1,64,58.0,41.5,5,49.4
KL Rahul,Sri Lanka,Delhi,50.0,31,161.3,32.5,2,45.9
Shreyas Iyer,Pakistan,Hyderabad,36.0,32,112.5,42.1,4,41.9
Sanju Samson,West Indies,Delhi,46.1,29,159.0,37.4,2,42.5
Shubman Gill,Sri Lanka,Bangalore,37.3,20,186.5,30.8,3,33.5
Ishan Kishan,South Africa,Delhi,48.9,25,195.6,50.9,2,45.5
Shreyas Iyer,New Zealand,Delhi,38.7,46,84.1,38.3,3,43.7
KL Rahul,England,Kolkata,41.6,59,70.5,43.1,4,41.3
Hardik Pandya,Bangladesh,Kolkata,39.4,48,82.1,49.6,1,45.7
Ishan Kishan,West Indies,Mumbai,50.2,49,102.4,31.2,4,39.5
Suryakumar Yadav,Australia,Chennai,44.7,24,186.2,32.0,5,45.7
Shubman Gill,South Africa,Kolkata,39.7,22,180.5,37.8,3,39.6
Shubman Gill,New Zealand,Ahmedabad,57.9,68,85.1,34.5,4,47.7
Rishabh Pant,Pakistan,Mumbai,44.5,40,111.2,51.8,5,55.5
Suryakumar Yadav,New Zealand,Kolkata,27.3,37,73.8,35.3,5,35.5
Shreyas Iyer,Bangladesh,Kolkata,59.5,65,91.5,43.9,4,55.0
Rishabh Pant,England,Chennai,50.3,27,186.3,34.1,2,38.0
Rohit Sharma,Sri Lanka,Chennai,49.0,31,158.1,47.7,5,54.0
Rohit Sharma,Bangladesh,Bangalore,46.4,62,74.8,36.6,5,38.1
Rishabh Pant,England,Bangalore,50.2,21,239.0,53.5,4,64.3
Shubman Gill,Bangladesh,Mumbai,74.9,56,133.8,54.8,5,60.1
Shreyas Iyer,Sri Lanka,Ahmedabad,43.6,70,62.3,27.2,5,30.6
Hardik Pandya,England,Ahmedabad,29.5,63,46.8,33.5,3,43.9
Rishabh Pant,West Indies,Jaipur,36.4,42,86.7,48.6,2,50.7
Virat Kohli,West Indies,Delhi,42.1,24,175.4,39.9,4,53.3
Shubman Gill,England,Kolkata,41.9,57,73.5,35.1,3,34.3
Virat Kohli,West Indies,Delhi,67.7,42,161.2,47.4,5,67.3
Rohit Sharma,Bangladesh,Kolkata,49.3,38,129.7,43.8,4,52.5
Virat Kohli,England,Mumbai,66.6,47,141.7,49.7,5,64.6
Shubman Gill,Bangladesh,Ahmedabad,48.9,42,116.4,42.6,2,44.0
Suryakumar Yadav,Bangladesh,Hyderabad,61.7,64,96.4,52.2,4,52.0
Rishabh Pant,Bangladesh,Jaipur,38.2,57,67.0,38.5,3,45.3
Rohit Sharma,South Africa,Ahmedabad,55.0,45,122.2,42.1,1,53.9
KL Rahul,Pakistan,Hyderabad,38.8,47,82.6,42.6,4,45.9
Rohit Sharma,Pakistan,Bangalore,38.3,35,109.4,33.5,4,46.5
Shubman Gill,Pakistan,Hyderabad,41.0,40,102.5,39.9,4,43.0
Rishabh Pant,West Indies,Chennai,22.3,34,65.6,36.4,2,33.7
Rishabh Pant,Pakistan,Jaipur,30.7,48,64.0,26.3,5,37.8
Shreyas Iyer,New Zealand,Delhi,63.9,55,116.2,49.2,2,52.8
Suryakumar Yadav,Bangladesh,Hyderabad,52.3,59,88.6,40.9,5,49.9
Hardik Pandya,Australia,Mumbai,51.2,70,73.1,42.0,3,51.1
Ishan Kishan,South Africa,Delhi,55.9,29,192.8,33.0,1,40.9
Hardik Pandya,Pakistan,Ahmedabad,64.7,32,202.2,42.3,1,50.4
Shreyas Iyer,Pakistan,Mumbai,22.1,39,56.7,28.2,1,29.3
Hardik Pandya,England,Chennai,40.0,50,80.0,26.8,5,30.1
Suryakumar Yadav,Pakistan,Ahmedabad,49.1,51,96.3,45.3,1,56.1
Sanju Samson,New Zealand,Hyderabad,51.8,70,74.0,42.7,5,52.3
Shubman Gill,England,Hyderabad,40.5,24,168.8,34.4,5,42.4
Rohit Sharma,South Africa,Ahmedabad,50.2,35,143.4,38.1,5,39.2
Rishabh Pant,England,Mumbai,38.4,51,75.3,43.9,1,47.2
Shubman Gill,South Africa,Delhi,51.9,25,207.6,42.7,2,49.7
Sanju Samson,Bangladesh,Ahmedabad,50.2,43,116.7,31.4,5,43.2
Virat Kohli,England,Ahmedabad,39.8,20,199.0,46.2,1,39.5
Ishan Kishan,West Indies,Jaipur,53.1,47,113.0,49.7,2,43.7
Virat Kohli,South Africa,Chennai,34.0,48,70.8,37.1,2,43.1
KL Rahul,Bangladesh,Delhi,30.7,70,43.9,35.6,1,29.7
Shreyas Iyer,England,Mumbai,57.5,36,159.7,49.2,1,44.6
Ishan Kishan,West Indies,Delhi,45.9,20,229.5,49.7,1,50.1
Shreyas Iyer,New Zealand,Ahmedabad,39.6,32,123.8,45.9,2,50.0
Rohit Sharma,Sri Lanka,Hyderabad,44.5,59,75.4,38.8,3,38.5
Sanju Samson,South Africa,Delhi,47.8,69,69.3,34.0,3,41.6
Shreyas Iyer,Pakistan,Chennai,68.6,31,221.3,51.9,4,60.9
Ishan Kishan,Australia,Delhi,67.6,51,132.5,49.6,2,53.5
Shreyas Iyer,Bangladesh,Ahmedabad,32.6,45,72.4,32.3,2,31.7
Suryakumar Yadav,Bangladesh,Delhi,37.6,61,61.6,29.6,2,32.8
Sanju Samson,Australia,Chennai,78.5,39,201.3,45.8,5,64.1
Hardik Pandya,Pakistan,Mumbai,24.3,28,86.8,28.6,5,33.5
Rishabh Pant,Pakistan,Hyderabad,47.3,64,73.9,39.1,3,51.4
Shreyas Iyer,England,Jaipur,35.5,38,93.4,48.4,4,47.9
Rishabh Pant,England,Mumbai,61.5,42,146.4,47.1,2,46.8
Rishabh Pant,Sri Lanka,Jaipur,45.8,64,71.6,31.2,2,43.2
Suryakumar Yadav,Pakistan,Ahmedabad,58.7,49,119.8,54.0,1,54.1
Sanju Samson,South Africa,Ahmedabad,68.6,34,201.8,38.5,4,54.7
Suryakumar Yadav,Bangladesh,Bangalore,46.6,69,67.5,36.3,4,52.0
Sanju Samson,New Zealand,Bangalore,38.9,31,125.5,42.0,3,51.4
Rohit Sharma,England,Jaipur,58.5,47,124.5,53.0,1,64.5
Rohit Sharma,Australia,Mumbai,50.9,69,73.8,46.7,4,59.5
Suryakumar Yadav,England,Kolkata,46.9,20,234.5,54.5,2,54.7
Shreyas Iyer,Sri Lanka,Hyderabad,36.7,36,101.9,39.8,1,32.7
Rishabh Pant,South Africa,Mumbai,19.0,65,29.2,31.1,2,30.8
Shubman Gill,West Indies,Jaipur,35.1,37,94.9,50.5,2,48.8
Rohit Sharma,Australia,Bangalore,53.2,22,241.8,31.1,4,38.3
Shreyas Iyer,South Africa,Chennai,48.7,37,131.6,26.3,5,40.1
Hardik Pandya,South Africa,Chennai,49.8,41,121.5,45.8,4,44.0
Virat Kohli,England,Ahmedabad,44.1,56,78.8,28.3,5,36.2
Hardik Pandya,Bangladesh,Mumbai,68.1,58,117.4,46.5,3,54.6
Shreyas Iyer,Bangladesh,Bangalore,55.7,52,107.1,39.5,2,53.2
KL Rahul,West Indies,Bangalore,55.4,31,178.7,50.4,2,53.8
Virat Kohli,Australia,Ahmedabad,60.0,49,122.4,54.1,2,62.8
Shreyas Iyer,Bangladesh,Ahmedabad,53.5,38,140.8,52.9,1,57.5
Shubman Gill,England,Bangalore,34.0,29,117.2,31.5,5,37.6
Hardik Pandya,Bangladesh,Jaipur,53.0,40,132.5,26.1,5,40.0
Rishabh Pant,West Indies,Bangalore,45.5,52,87.5,30.0,2,31.2
KL Rahul,England,Bangalore,37.8,42,90.0,40.8,1,34.8
Rohit Sharma,Australia,Bangalore,15.2,26,58.5,29.0,2,23.9
Shubman Gill,Australia,Mumbai,33.4,40,83.5,43.5,5,48.0
Shubman Gill,Pakistan,Kolkata,31.2,42,74.3,29.8,1,41.1
Hardik Pandya,Bangladesh,Ahmedabad,41.2,24,171.7,51.2,2,46.5
Rohit Sharma,New Zealand,Hyderabad,25.0,22,113.6,35.4,1,33.1
Shubman Gill,Sri Lanka,Bangalore,16.3,26,62.7,27.7,1,30.6
Hardik Pandya,England,Kolkata,53.9,39,138.2,44.8,3,59.0
Shubman Gill,West Indies,Chennai,43.4,33,131.5,33.1,4,38.0
Shubman Gill,Australia,Chennai,33.5,41,81.7,27.7,4,30.3
Rohit Sharma,Bangladesh,Ahmedabad,39.7,42,94.5,34.4,1,38.3
Virat Kohli,South Africa,Hyderabad,44.6,36,123.9,42.5,3,52.2
Hardik Pandya,Pakistan,Chennai,66.9,36,185.8,47.0,4,55.1
Shreyas Iyer,South Africa,Mumbai,17.9,69,25.9,25.9,1,18.6
Shubman Gill,Bangladesh,Kolkata,64.5,69,93.5,51.0,4,55.7
Suryakumar Yadav,Pakistan,Chennai,46.9,61,76.9,49.5,2,46.7
KL Rahul,Sri Lanka,Bangalore,59.7,46,129.8,38.3,4,50.4
Rishabh Pant,Sri Lanka,Mumbai,54.3,41,132.4,42.0,5,47.5
Hardik Pandya,New Zealand,Jaipur,52.4,63,83.2,35.3,2,39.5
KL Rahul,New Zealand,Chennai,41.4,70,59.1,33.3,3,36.8
Ishan Kishan,England,Kolkata,74.7,34,219.7,50.7,3,63.6
Rishabh Pant,Australia,Hyderabad,23.5,41,57.3,29.8,1,38.0
Sanju Samson,Sri Lanka,Bangalore,44.3,40,110.8,51.9,2,48.6
Shubman Gill,England,Jaipur,51.4,53,97.0,27.9,4,41.0
Hardik Pandya,West Indies,Delhi,66.8,59,113.2,39.5,5,54.2
KL Rahul,Sri Lanka,Kolkata,33.0,26,126.9,40.3,5,46.6
Ishan Kishan,Australia,Hyderabad,25.9,34,76.2,41.3,4,40.6
Virat Kohli,England,Ahmedabad,68.6,48,142.9,48.4,1,56.8
Rohit Sharma,Australia,Bangalore,40.8,21,194.3,29.7,4,46.7
Shreyas Iyer,Australia,Hyderabad,38.1,61,62.5,33.0,2,37.8
Sanju Samson,Bangladesh,Delhi,41.8,34,122.9,52.8,2,48.1
Suryakumar Yadav,West Indies,Hyderabad,18.9,51,37.1,29.6,2,31.4
Virat Kohli,South Africa,Bangalore,48.3,57,84.7,39.2,3,39.9
Shreyas Iyer,New Zealand,Ahmedabad,23.2,33,70.3,28.4,1,31.9
Virat Kohli,West Indies,Hyderabad,52.7,62,85.0,28.9,4,44.7
Shreyas Iyer,West Indies,Bangalore,46.4,50,92.8,32.0,5,40.4
Ishan Kishan,Pakistan,Delhi,45.8,40,114.5,29.8,3,31.7
Shreyas Iyer,Pakistan,Kolkata,49.7,36,138.1,36.7,2,38.6
Shreyas Iyer,West Indies,Delhi,27.6,46,60.0,27.5,5,31.2
Virat Kohli,Bangladesh,Hyderabad,31.7,27,117.4,25.2,4,32.7
Sanju Samson,Bangladesh,Hyderabad,31.7,28,113.2,34.7,1,30.4
Rishabh Pant,Bangladesh,Bangalore,29.2,69,42.3,27.0,4,42.7
Virat Kohli,New Zealand,Delhi,25.5,39,65.4,32.0,2,28.4
Suryakumar Yadav,England,Hyderabad,44.4,28,158.6,34.0,4,43.7
Hardik Pandya,Bangladesh,Jaipur,60.7,68,89.3,51.6,1,54.6
Shreyas Iyer,Sri Lanka,Hyderabad,15.8,55,28.7,27.6,3,24.6
Virat Kohli,New Zealand,Jaipur,49.4,43,114.9,34.7,3,45.7
Suryakumar Yadav,Sri Lanka,Chennai,49.2,61,80.7,35.7,1,45.7
Shubman Gill,Bangladesh,Chennai,23.3,60,38.8,25.9,1,18.9
Shubman Gill,Australia,Kolkata,43.7,53,82.5,26.1,2,37.6
Rohit Sharma,West Indies,Kolkata,49.0,42,116.7,53.5,3,57.2
Rohit Sharma,Pakistan,Jaipur,33.1,22,150.5,40.7,5,47.6
Shubman Gill,West Indies,Chennai,63.1,35,180.3,50.7,4,51.0
Rohit Sharma,Pakistan,Kolkata,38.1,68,56.0,34.1,5,35.7
Rishabh Pant,Sri Lanka,Jaipur,56.1,65,86.3,46.1,4,45.9
KL Rahul,New Zealand,Kolkata,36.5,57,64.0,50.2,3,49.4
Sanju Samson,Sri Lanka,Delhi,35.1,22,159.5,35.8,1,47.5
Virat Kohli,England,Hyderabad,44.0,67,65.7,39.6,5,57.5
Sanju Samson,West Indies,Chennai,64.5,38,169.7,36.2,5,50.0
Rohit Sharma,New Zealand,Chennai,39.6,35,113.1,30.4,2,29.7
Shreyas Iyer,Bangladesh,Bangalore,33.1,55,60.2,33.1,5,36.8
Shreyas Iyer,New Zealand,Mumbai,13.9,22,63.2,28.0,4,28.9
Shreyas Iyer,Pakistan,Kolkata,70.3,61,115.2,54.9,3,65.2
Ishan Kishan,West Indies,Hyderabad,22.3,61,36.6,28.3,3,35.2
Ishan Kishan,South Africa,Ahmedabad,59.4,60,99.0,50.2,2,60.1
Ishan Kishan,West Indies,Chennai,21.3,22,96.8,30.1,4,29.6
Shreyas Iyer,Australia,Jaipur,59.6,47,126.8,52.9,4,70.8
Ishan Kishan,West Indies,Ahmedabad,6.6,61,10.8,25.3,1,21.2
Sanju Samson,Pakistan,Ahmedabad,47.0,52,90.4,34.9,4,49.9
Rohit Sharma,Pakistan,Kolkata,28.2,24,117.5,27.3,3,30.8
Hardik Pandya,Australia,Jaipur,34.2,34,100.6,45.4,1,43.1
Shreyas Iyer,West Indies,Kolkata,34.8,33,105.5,36.1,3,48.4
Rohit Sharma,Australia,Chennai,64.2,39,164.6,53.4,4,66.9
Sanju Samson,Pakistan,Hyderabad,62.5,32,195.3,52.2,5,68.4
Ishan Kishan,New Zealand,Delhi,30.4,42,72.4,35.7,1,38.1
KL Rahul,West Indies,Kolkata,19.3,22,87.7,32.9,2,31.3
Suryakumar Yadav,Bangladesh,Delhi,32.0,48,66.7,25.9,4,38.3
Shreyas Iyer,South Africa,Hyderabad,55.2,51,108.2,28.8,5,45.2
Rohit Sharma,South Africa,Bangalore,45.7,35,130.6,37.9,1,32.2
Rohit Sharma,West Indies,Mumbai,55.9,57,98.1,41.2,5,55.2
KL Rahul,Bangladesh,Ahmedabad,41.6,64,65.0,49.6,2,47.9
Rohit Sharma,Australia,Bangalore,46.0,58,79.3,39.5,3,50.8
Hardik Pandya,New Zealand,Jaipur,36.9,32,115.3,25.9,2,22.8
Suryakumar Yadav,West Indies,Mumbai,35.0,32,109.4,37.7,5,43.2
KL Rahul,New Zealand,Chennai,62.2,66,94.2,47.4,5,54.9
Hardik Pandya,West Indies,Delhi,40.8,22,185.5,30.2,2,37.4
Rohit Sharma,Sri Lanka,Mumbai,55.4,20,277.0,40.4,2,52.2
Hardik Pandya,New Zealand,Kolkata,29.5,44,67.0,36.7,4,41.2
Virat Kohli,West Indies,Bangalore,42.9,52,82.5,54.9,2,51.6
KL Rahul,Australia,Kolkata,51.8,39,132.8,37.1,3,45.1
Shubman Gill,New Zealand,Hyderabad,64.3,38,169.2,53.0,4,67.0
Sanju Samson,Sri Lanka,Bangalore,68.3,69,99.0,40.9,5,60.3
Rishabh Pant,Sri Lanka,Delhi,55.7,36,154.7,42.2,5,59.2
Hardik Pandya,Sri Lanka,Ahmedabad,41.8,63,66.3,43.1,4,41.7
Rishabh Pant,South Africa,Jaipur,34.8,62,56.1,25.2,4,37.7
Ishan Kishan,Bangladesh,Ahmedabad,67.8,27,251.1,44.4,2,54.7
Rohit Sharma,Pakistan,Hyderabad,53.6,56,95.7,51.4,5,54.7
Rohit Sharma,Australia,Hyderabad,62.4,21,297.1,52.3,1,59.7
Virat Kohli,Sri Lanka,Mumbai,49.1,40,122.8,49.4,5,52.8
Sanju Samson,England,Jaipur,45.0,34,132.4,38.0,5,53.2
KL Rahul,Australia,Bangalore,19.3,67,28.8,28.9,2,23.2
Rishabh Pant,New Zealand,Hyderabad,48.9,65,75.2,40.4,4,49.2
Shubman Gill,England,Chennai,64.7,67,96.6,48.4,4,60.6
Rohit Sharma,Bangladesh,Hyderabad,48.3,26,185.8,36.2,4,42.5
Shubman Gill,Sri Lanka,Bangalore,40.7,35,116.3,25.2,2,28.3
Ishan Kishan,Australia,Chennai,37.5,49,76.5,39.2,3,47.6
Suryakumar Yadav,Australia,Bangalore,35.9,61,58.9,25.7,2,23.6
Hardik Pandya,West Indies,Bangalore,41.4,42,98.6,31.6,2,37.9
Shreyas Iyer,West Indies,Jaipur,46.9,29,161.7,30.5,1,32.4
Ishan Kishan,South Africa,Delhi,58.6,61,96.1,49.7,2,62.8
KL Rahul,South Africa,Ahmedabad,49.8,42,118.6,54.1,5,64.1
Sanju Samson,Australia,Ahmedabad,32.0,46,69.6,43.7,2,40.4
Sanju Samson,Sri Lanka,Delhi,67.2,31,216.8,54.5,3,53.2
Rishabh Pant,Sri Lanka,Mumbai,51.7,27,191.5,50.5,1,59.3
Shreyas Iyer,South Africa,Mumbai,36.3,60,60.5,39.1,4,49.0
Virat Kohli,New Zealand,Bangalore,50.6,66,76.7,35.1,1,41.8
Hardik Pandya,West Indies,Mumbai,39.9,64,62.3,33.6,3,32.0
Shubman Gill,West Indies,Bangalore,46.6,58,80.3,25.9,1,37.7
Rishabh Pant,West Indies,Mumbai,54.0,58,93.1,43.2,3,44.3
Sanju Samson,Australia,Jaipur,52.3,34,153.8,46.6,4,50.6
Hardik Pandya,New Zealand,Jaipur,43.6,70,62.3,28.4,1,38.0
Rishabh Pant,Australia,Kolkata,39.7,45,88.2,30.8,5,35.6
Shreyas Iyer,Sri Lanka,Chennai,40.5,65,62.3,37.2,2,38.4
Shreyas Iyer,South Africa,Mumbai,45.7,24,190.4,27.8,4,32.8
Sanju Samson,England,Mumbai,42.2,68,62.1,45.2,4,51.2
Suryakumar Yadav,Sri Lanka,Delhi,40.6,20,203.0,31.7,2,34.4
Virat Kohli,Australia,Kolkata,59.0,24,245.8,38.0,3,50.8
Rishabh Pant,England,Bangalore,41.6,67,62.1,25.3,2,35.6
KL Rahul,Bangladesh,Delhi,38.8,42,92.4,43.8,4,45.1
Rishabh Pant,Australia,Kolkata,29.5,45,65.6,29.4,2,31.4
Shubman Gill,West Indies,Kolkata,37.2,37,100.5,28.2,4,39.9
Shreyas Iyer,Australia,Chennai,56.2,65,86.5,45.6,1,41.8
KL Rahul,Pakistan,Bangalore,30.5,34,89.7,36.8,2,33.6
Suryakumar Yadav,South Africa,Delhi,34.9,55,63.5,46.1,1,45.0
Shubman Gill,Australia,Bangalore,39.8,30,132.7,34.6,3,37.0
Virat Kohli,England,Jaipur,51.5,26,198.1,28.8,3,36.9
Shreyas Iyer,Sri Lanka,Mumbai,53.4,60,89.0,51.8,2,51.3
Shreyas Iyer,West Indies,Mumbai,49.0,54,90.7,53.5,1,51.0
